BEGIN;
TRUNCATE
  "raceEntries",
  "races",
  "tournaments",
  "horses",
  "jockeyProfiles",
  "users"
RESTART IDENTITY CASCADE;

INSERT INTO "users" ("id", "name", "email", "password", "role", "status") VALUES
  ('u_admin', 'Admin User', 'admin@test.com', 'password123', 'admin', 'active'),
  ('u_owner_1', 'Owner 1', 'owner1@test.com', 'password123', 'owner', 'active'),
  ('u_owner_2', 'Owner 2', 'owner2@test.com', 'password123', 'owner', 'active'),
  ('u_owner_3', 'Owner 3', 'owner3@test.com', 'password123', 'owner', 'active'),
  ('u_owner_4', 'Owner 4', 'owner4@test.com', 'password123', 'owner', 'active'),
  ('u_owner_5', 'Owner 5', 'owner5@test.com', 'password123', 'owner', 'active'),
  ('u_owner_6', 'Owner 6', 'owner6@test.com', 'password123', 'owner', 'active'),
  ('u_owner_7', 'Owner 7', 'owner7@test.com', 'password123', 'owner', 'active'),
  ('u_owner_8', 'Owner 8', 'owner8@test.com', 'password123', 'owner', 'active'),
  ('u_owner_9', 'Owner 9', 'owner9@test.com', 'password123', 'owner', 'active'),
  ('u_owner_10', 'Owner 10', 'owner10@test.com', 'password123', 'owner', 'active'),
  ('u_jockey_1', 'Jockey 1', 'jockey1@test.com', 'password123', 'jockey', 'active'),
  ('u_jockey_2', 'Jockey 2', 'jockey2@test.com', 'password123', 'jockey', 'active'),
  ('u_jockey_3', 'Jockey 3', 'jockey3@test.com', 'password123', 'jockey', 'active'),
  ('u_jockey_4', 'Jockey 4', 'jockey4@test.com', 'password123', 'jockey', 'active'),
  ('u_jockey_5', 'Jockey 5', 'jockey5@test.com', 'password123', 'jockey', 'active'),
  ('u_jockey_6', 'Jockey 6', 'jockey6@test.com', 'password123', 'jockey', 'active'),
  ('u_jockey_7', 'Jockey 7', 'jockey7@test.com', 'password123', 'jockey', 'active'),
  ('u_jockey_8', 'Jockey 8', 'jockey8@test.com', 'password123', 'jockey', 'active'),
  ('u_jockey_9', 'Jockey 9', 'jockey9@test.com', 'password123', 'jockey', 'active'),
  ('u_jockey_10', 'Jockey 10', 'jockey10@test.com', 'password123', 'jockey', 'active'),
  ('u_jockey_11', 'Jockey 11', 'jockey11@test.com', 'password123', 'jockey', 'active'),
  ('u_jockey_12', 'Jockey 12', 'jockey12@test.com', 'password123', 'jockey', 'active'),
  ('u_jockey_13', 'Jockey 13', 'jockey13@test.com', 'password123', 'jockey', 'active'),
  ('u_jockey_14', 'Jockey 14', 'jockey14@test.com', 'password123', 'jockey', 'active'),
  ('u_jockey_15', 'Jockey 15', 'jockey15@test.com', 'password123', 'jockey', 'active'),
  ('u_jockey_16', 'Jockey 16', 'jockey16@test.com', 'password123', 'jockey', 'active'),
  ('u_jockey_17', 'Jockey 17', 'jockey17@test.com', 'password123', 'jockey', 'active'),
  ('u_jockey_18', 'Jockey 18', 'jockey18@test.com', 'password123', 'jockey', 'active'),
  ('u_jockey_19', 'Jockey 19', 'jockey19@test.com', 'password123', 'jockey', 'active'),
  ('u_jockey_20', 'Jockey 20', 'jockey20@test.com', 'password123', 'jockey', 'active'),
  ('u_jockey_21', 'Jockey 21', 'jockey21@test.com', 'password123', 'jockey', 'active'),
  ('u_jockey_22', 'Jockey 22', 'jockey22@test.com', 'password123', 'jockey', 'active'),
  ('u_jockey_23', 'Jockey 23', 'jockey23@test.com', 'password123', 'jockey', 'active'),
  ('u_jockey_24', 'Jockey 24', 'jockey24@test.com', 'password123', 'jockey', 'active'),
  ('u_jockey_25', 'Jockey 25', 'jockey25@test.com', 'password123', 'jockey', 'active'),
  ('u_jockey_26', 'Jockey 26', 'jockey26@test.com', 'password123', 'jockey', 'active'),
  ('u_jockey_27', 'Jockey 27', 'jockey27@test.com', 'password123', 'jockey', 'active'),
  ('u_jockey_28', 'Jockey 28', 'jockey28@test.com', 'password123', 'jockey', 'active'),
  ('u_jockey_29', 'Jockey 29', 'jockey29@test.com', 'password123', 'jockey', 'active'),
  ('u_jockey_30', 'Jockey 30', 'jockey30@test.com', 'password123', 'jockey', 'active'),
  ('u_referee_1', 'Referee 1', 'referee1@test.com', 'password123', 'referee', 'active'),
  ('u_referee_2', 'Referee 2', 'referee2@test.com', 'password123', 'referee', 'active'),
  ('u_referee_3', 'Referee 3', 'referee3@test.com', 'password123', 'referee', 'active'),
  ('u_referee_4', 'Referee 4', 'referee4@test.com', 'password123', 'referee', 'active'),
  ('u_referee_5', 'Referee 5', 'referee5@test.com', 'password123', 'referee', 'active');

INSERT INTO "jockeyProfiles" (
  "id", "userId", "bio", "certificate", "competitionLevel", "weightLb", "status", "updatedAt"
)
SELECT
  'jp_' || regexp_replace("id", '^u_jockey_', ''),
  "id",
  'Seed jockey profile',
  'Licensed jockey certificate',
  'Professional',
  110 + ((regexp_replace("id", '^u_jockey_', '')::INTEGER % 8) * 2),
  'published',
  NOW()
FROM "users"
WHERE "role" = 'jockey';

INSERT INTO "horses" ("id", "name", "breed", "color", "age", "weightLb", "overallRating", "sex", "ownerUserId", "status", "createdAt", "updatedAt") VALUES
  ('h_001', 'Horse 1', 'Thoroughbred', 'Black', 3, 1058, 40, 'Stallion', 'u_owner_1', 'approved', NOW(), NOW()),
  ('h_002', 'Horse 2', 'Arabian', 'Bay', 4, 1065, 41, 'Mare', 'u_owner_2', 'approved', NOW(), NOW()),
  ('h_003', 'Horse 3', 'Quarter Horse', 'Grey', 5, 1071, 42, 'Gelding', 'u_owner_3', 'approved', NOW(), NOW()),
  ('h_004', 'Horse 4', 'Thoroughbred', 'Chestnut', 6, 1078, 43, 'Stallion', 'u_owner_4', 'approved', NOW(), NOW()),
  ('h_005', 'Horse 5', 'Arabian', 'Palomino', 7, 1085, 44, 'Mare', 'u_owner_5', 'approved', NOW(), NOW()),
  ('h_006', 'Horse 6', 'Quarter Horse', 'Black', 3, 1091, 45, 'Gelding', 'u_owner_6', 'approved', NOW(), NOW()),
  ('h_007', 'Horse 7', 'Thoroughbred', 'Bay', 4, 1098, 46, 'Stallion', 'u_owner_7', 'approved', NOW(), NOW()),
  ('h_008', 'Horse 8', 'Arabian', 'Grey', 5, 1105, 47, 'Mare', 'u_owner_8', 'approved', NOW(), NOW()),
  ('h_009', 'Horse 9', 'Quarter Horse', 'Chestnut', 6, 1111, 48, 'Gelding', 'u_owner_9', 'approved', NOW(), NOW()),
  ('h_010', 'Horse 10', 'Thoroughbred', 'Palomino', 7, 1118, 49, 'Stallion', 'u_owner_10', 'approved', NOW(), NOW()),
  ('h_011', 'Horse 11', 'Arabian', 'Black', 3, 1124, 50, 'Mare', 'u_owner_1', 'approved', NOW(), NOW()),
  ('h_012', 'Horse 12', 'Quarter Horse', 'Bay', 4, 1131, 51, 'Gelding', 'u_owner_2', 'approved', NOW(), NOW()),
  ('h_013', 'Horse 13', 'Thoroughbred', 'Grey', 5, 1138, 52, 'Stallion', 'u_owner_3', 'approved', NOW(), NOW()),
  ('h_014', 'Horse 14', 'Arabian', 'Chestnut', 6, 1144, 53, 'Mare', 'u_owner_4', 'approved', NOW(), NOW()),
  ('h_015', 'Horse 15', 'Quarter Horse', 'Palomino', 7, 1151, 54, 'Gelding', 'u_owner_5', 'approved', NOW(), NOW()),
  ('h_016', 'Horse 16', 'Thoroughbred', 'Black', 3, 1157, 55, 'Stallion', 'u_owner_6', 'approved', NOW(), NOW()),
  ('h_017', 'Horse 17', 'Arabian', 'Bay', 4, 1164, 56, 'Mare', 'u_owner_7', 'approved', NOW(), NOW()),
  ('h_018', 'Horse 18', 'Quarter Horse', 'Grey', 5, 1171, 57, 'Gelding', 'u_owner_8', 'approved', NOW(), NOW()),
  ('h_019', 'Horse 19', 'Thoroughbred', 'Chestnut', 6, 1177, 58, 'Stallion', 'u_owner_9', 'approved', NOW(), NOW()),
  ('h_020', 'Horse 20', 'Arabian', 'Palomino', 7, 1184, 59, 'Mare', 'u_owner_10', 'approved', NOW(), NOW()),
  ('h_021', 'Horse 21', 'Quarter Horse', 'Black', 3, 1058, 60, 'Gelding', 'u_owner_1', 'approved', NOW(), NOW()),
  ('h_022', 'Horse 22', 'Thoroughbred', 'Bay', 4, 1065, 61, 'Stallion', 'u_owner_2', 'approved', NOW(), NOW()),
  ('h_023', 'Horse 23', 'Arabian', 'Grey', 5, 1071, 62, 'Mare', 'u_owner_3', 'approved', NOW(), NOW()),
  ('h_024', 'Horse 24', 'Quarter Horse', 'Chestnut', 6, 1078, 63, 'Gelding', 'u_owner_4', 'approved', NOW(), NOW()),
  ('h_025', 'Horse 25', 'Thoroughbred', 'Palomino', 7, 1085, 64, 'Stallion', 'u_owner_5', 'approved', NOW(), NOW()),
  ('h_026', 'Horse 26', 'Arabian', 'Black', 3, 1091, 65, 'Mare', 'u_owner_6', 'approved', NOW(), NOW()),
  ('h_027', 'Horse 27', 'Quarter Horse', 'Bay', 4, 1098, 66, 'Gelding', 'u_owner_7', 'approved', NOW(), NOW()),
  ('h_028', 'Horse 28', 'Thoroughbred', 'Grey', 5, 1105, 67, 'Stallion', 'u_owner_8', 'approved', NOW(), NOW()),
  ('h_029', 'Horse 29', 'Arabian', 'Chestnut', 6, 1111, 68, 'Mare', 'u_owner_9', 'approved', NOW(), NOW()),
  ('h_030', 'Horse 30', 'Quarter Horse', 'Palomino', 7, 1118, 69, 'Gelding', 'u_owner_10', 'approved', NOW(), NOW()),
  ('h_031', 'Horse 31', 'Thoroughbred', 'Black', 3, 1124, 70, 'Stallion', 'u_owner_1', 'approved', NOW(), NOW()),
  ('h_032', 'Horse 32', 'Arabian', 'Bay', 4, 1131, 71, 'Mare', 'u_owner_2', 'approved', NOW(), NOW()),
  ('h_033', 'Horse 33', 'Quarter Horse', 'Grey', 5, 1138, 72, 'Gelding', 'u_owner_3', 'approved', NOW(), NOW()),
  ('h_034', 'Horse 34', 'Thoroughbred', 'Chestnut', 6, 1144, 73, 'Stallion', 'u_owner_4', 'approved', NOW(), NOW()),
  ('h_035', 'Horse 35', 'Arabian', 'Palomino', 7, 1151, 74, 'Mare', 'u_owner_5', 'approved', NOW(), NOW()),
  ('h_036', 'Horse 36', 'Quarter Horse', 'Black', 3, 1157, 75, 'Gelding', 'u_owner_6', 'approved', NOW(), NOW()),
  ('h_037', 'Horse 37', 'Thoroughbred', 'Bay', 4, 1164, 76, 'Stallion', 'u_owner_7', 'approved', NOW(), NOW()),
  ('h_038', 'Horse 38', 'Arabian', 'Grey', 5, 1171, 77, 'Mare', 'u_owner_8', 'approved', NOW(), NOW()),
  ('h_039', 'Horse 39', 'Quarter Horse', 'Chestnut', 6, 1177, 78, 'Gelding', 'u_owner_9', 'approved', NOW(), NOW()),
  ('h_040', 'Horse 40', 'Thoroughbred', 'Palomino', 7, 1184, 79, 'Stallion', 'u_owner_10', 'approved', NOW(), NOW()),
  ('h_041', 'Horse 41', 'Arabian', 'Black', 3, 1058, 40, 'Mare', 'u_owner_1', 'approved', NOW(), NOW()),
  ('h_042', 'Horse 42', 'Quarter Horse', 'Bay', 4, 1065, 41, 'Gelding', 'u_owner_2', 'approved', NOW(), NOW()),
  ('h_043', 'Horse 43', 'Thoroughbred', 'Grey', 5, 1071, 42, 'Stallion', 'u_owner_3', 'approved', NOW(), NOW()),
  ('h_044', 'Horse 44', 'Arabian', 'Chestnut', 6, 1078, 43, 'Mare', 'u_owner_4', 'approved', NOW(), NOW()),
  ('h_045', 'Horse 45', 'Quarter Horse', 'Palomino', 7, 1085, 44, 'Gelding', 'u_owner_5', 'approved', NOW(), NOW()),
  ('h_046', 'Horse 46', 'Thoroughbred', 'Black', 3, 1091, 45, 'Stallion', 'u_owner_6', 'approved', NOW(), NOW()),
  ('h_047', 'Horse 47', 'Arabian', 'Bay', 4, 1098, 46, 'Mare', 'u_owner_7', 'approved', NOW(), NOW()),
  ('h_048', 'Horse 48', 'Quarter Horse', 'Grey', 5, 1105, 47, 'Gelding', 'u_owner_8', 'approved', NOW(), NOW()),
  ('h_049', 'Horse 49', 'Thoroughbred', 'Chestnut', 6, 1111, 48, 'Stallion', 'u_owner_9', 'approved', NOW(), NOW()),
  ('h_050', 'Horse 50', 'Arabian', 'Palomino', 7, 1118, 49, 'Mare', 'u_owner_10', 'approved', NOW(), NOW()),
  ('h_051', 'Horse 51', 'Quarter Horse', 'Black', 3, 1124, 50, 'Gelding', 'u_owner_1', 'approved', NOW(), NOW()),
  ('h_052', 'Horse 52', 'Thoroughbred', 'Bay', 4, 1131, 51, 'Stallion', 'u_owner_2', 'approved', NOW(), NOW()),
  ('h_053', 'Horse 53', 'Arabian', 'Grey', 5, 1138, 52, 'Mare', 'u_owner_3', 'approved', NOW(), NOW()),
  ('h_054', 'Horse 54', 'Quarter Horse', 'Chestnut', 6, 1144, 53, 'Gelding', 'u_owner_4', 'approved', NOW(), NOW()),
  ('h_055', 'Horse 55', 'Thoroughbred', 'Palomino', 7, 1151, 54, 'Stallion', 'u_owner_5', 'approved', NOW(), NOW()),
  ('h_056', 'Horse 56', 'Arabian', 'Black', 3, 1157, 55, 'Mare', 'u_owner_6', 'approved', NOW(), NOW()),
  ('h_057', 'Horse 57', 'Quarter Horse', 'Bay', 4, 1164, 56, 'Gelding', 'u_owner_7', 'approved', NOW(), NOW()),
  ('h_058', 'Horse 58', 'Thoroughbred', 'Grey', 5, 1171, 57, 'Stallion', 'u_owner_8', 'approved', NOW(), NOW()),
  ('h_059', 'Horse 59', 'Arabian', 'Chestnut', 6, 1177, 58, 'Mare', 'u_owner_9', 'approved', NOW(), NOW()),
  ('h_060', 'Horse 60', 'Quarter Horse', 'Palomino', 7, 1184, 59, 'Gelding', 'u_owner_10', 'approved', NOW(), NOW());

INSERT INTO "tournaments" (
  "id", "name", "status", "startDate", "finalDate", "location", "createdAt"
) VALUES
  ('t_past_1', 'Winter Cup 2024', 'completed', '2024-11-01', '2024-11-28', 'Grand Arena', NOW()),
  ('t_past_2', 'Spring Classic 2025', 'completed', '2025-03-01', '2025-03-28', 'Grand Arena', NOW()),
  ('t_past_3', 'Autumn Derby 2025', 'completed', '2025-09-01', '2025-09-28', 'Grand Arena', NOW()),
  ('t_active', 'Spring Championship 2026', 'active', CURRENT_DATE - 7, CURRENT_DATE + 30, 'Grand Arena', NOW()),
  ('t_upcoming', 'Summer Stakes 2026', 'upcoming', CURRENT_DATE + 20, CURRENT_DATE + 60, 'Grand Arena', NOW());

INSERT INTO "races" ("id", "tournamentId", "raceNumber", "name", "raceDate", "raceTime", "venue", "distance", "surface", "raceClass", "handicapMin", "handicapMax", "status", "registrationOpensAt", "registrationClosesAt", "createdAt") VALUES
  ('r_1', 't_past_1', 'R1', 'Race 1 - Class 4', '2024-11-11', '14:00', 'Track 2', '1200m', 'Turf', 'Class 4', 115, 135, 'completed', '2024-11-01', '2024-11-05', NOW()),
  ('r_2', 't_past_1', 'R2', 'Race 2 - Class 3', '2024-11-12', '14:00', 'Track 3', '1400m', 'Turf', 'Class 3', 115, 135, 'completed', '2024-11-01', '2024-11-05', NOW()),
  ('r_3', 't_past_1', 'R3', 'Race 3 - Class 2', '2024-11-13', '14:00', 'Track 1', '1600m', 'Turf', 'Class 2', 115, 135, 'completed', '2024-11-01', '2024-11-05', NOW()),
  ('r_4', 't_past_1', 'R4', 'Race 4 - Class 1', '2024-11-14', '14:00', 'Track 2', '1800m', 'Turf', 'Class 1', 115, 135, 'completed', '2024-11-01', '2024-11-05', NOW()),
  ('r_5', 't_past_1', 'R5', 'Race 5 - Class 5', '2024-11-15', '14:00', 'Track 3', '1000m', 'Turf', 'Class 5', 115, 135, 'completed', '2024-11-01', '2024-11-05', NOW()),
  ('r_6', 't_past_1', 'R6', 'Race 6 - Class 4', '2024-11-16', '14:00', 'Track 1', '1200m', 'Turf', 'Class 4', 115, 135, 'completed', '2024-11-01', '2024-11-05', NOW()),
  ('r_7', 't_past_1', 'R7', 'Race 7 - Class 3', '2024-11-17', '14:00', 'Track 2', '1400m', 'Turf', 'Class 3', 115, 135, 'completed', '2024-11-01', '2024-11-05', NOW()),
  ('r_8', 't_past_1', 'R8', 'Race 8 - Class 2', '2024-11-18', '14:00', 'Track 3', '1600m', 'Turf', 'Class 2', 115, 135, 'completed', '2024-11-01', '2024-11-05', NOW()),
  ('r_9', 't_past_2', 'R1', 'Race 1 - Class 4', '2025-03-11', '14:00', 'Track 2', '1200m', 'Turf', 'Class 4', 115, 135, 'completed', '2025-03-01', '2025-03-05', NOW()),
  ('r_10', 't_past_2', 'R2', 'Race 2 - Class 3', '2025-03-12', '14:00', 'Track 3', '1400m', 'Turf', 'Class 3', 115, 135, 'completed', '2025-03-01', '2025-03-05', NOW()),
  ('r_11', 't_past_2', 'R3', 'Race 3 - Class 2', '2025-03-13', '14:00', 'Track 1', '1600m', 'Turf', 'Class 2', 115, 135, 'completed', '2025-03-01', '2025-03-05', NOW()),
  ('r_12', 't_past_2', 'R4', 'Race 4 - Class 1', '2025-03-14', '14:00', 'Track 2', '1800m', 'Turf', 'Class 1', 115, 135, 'completed', '2025-03-01', '2025-03-05', NOW()),
  ('r_13', 't_past_2', 'R5', 'Race 5 - Class 5', '2025-03-15', '14:00', 'Track 3', '1000m', 'Turf', 'Class 5', 115, 135, 'completed', '2025-03-01', '2025-03-05', NOW()),
  ('r_14', 't_past_2', 'R6', 'Race 6 - Class 4', '2025-03-16', '14:00', 'Track 1', '1200m', 'Turf', 'Class 4', 115, 135, 'completed', '2025-03-01', '2025-03-05', NOW()),
  ('r_15', 't_past_2', 'R7', 'Race 7 - Class 3', '2025-03-17', '14:00', 'Track 2', '1400m', 'Turf', 'Class 3', 115, 135, 'completed', '2025-03-01', '2025-03-05', NOW()),
  ('r_16', 't_past_2', 'R8', 'Race 8 - Class 2', '2025-03-18', '14:00', 'Track 3', '1600m', 'Turf', 'Class 2', 115, 135, 'completed', '2025-03-01', '2025-03-05', NOW()),
  ('r_17', 't_past_3', 'R1', 'Race 1 - Class 4', '2025-09-11', '14:00', 'Track 2', '1200m', 'Turf', 'Class 4', 115, 135, 'completed', '2025-09-01', '2025-09-05', NOW()),
  ('r_18', 't_past_3', 'R2', 'Race 2 - Class 3', '2025-09-12', '14:00', 'Track 3', '1400m', 'Turf', 'Class 3', 115, 135, 'completed', '2025-09-01', '2025-09-05', NOW()),
  ('r_19', 't_past_3', 'R3', 'Race 3 - Class 2', '2025-09-13', '14:00', 'Track 1', '1600m', 'Turf', 'Class 2', 115, 135, 'completed', '2025-09-01', '2025-09-05', NOW()),
  ('r_20', 't_past_3', 'R4', 'Race 4 - Class 1', '2025-09-14', '14:00', 'Track 2', '1800m', 'Turf', 'Class 1', 115, 135, 'completed', '2025-09-01', '2025-09-05', NOW()),
  ('r_21', 't_past_3', 'R5', 'Race 5 - Class 5', '2025-09-15', '14:00', 'Track 3', '1000m', 'Turf', 'Class 5', 115, 135, 'completed', '2025-09-01', '2025-09-05', NOW()),
  ('r_22', 't_past_3', 'R6', 'Race 6 - Class 4', '2025-09-16', '14:00', 'Track 1', '1200m', 'Turf', 'Class 4', 115, 135, 'completed', '2025-09-01', '2025-09-05', NOW()),
  ('r_23', 't_past_3', 'R7', 'Race 7 - Class 3', '2025-09-17', '14:00', 'Track 2', '1400m', 'Turf', 'Class 3', 115, 135, 'completed', '2025-09-01', '2025-09-05', NOW()),
  ('r_24', 't_past_3', 'R8', 'Race 8 - Class 2', '2025-09-18', '14:00', 'Track 3', '1600m', 'Turf', 'Class 2', 115, 135, 'completed', '2025-09-01', '2025-09-05', NOW()),
  ('r_25', 't_active', 'R1', 'Race 1 - Class 4', '2026-03-11', '14:00', 'Track 2', '1200m', 'Turf', 'Class 4', 115, 135, 'completed', '2026-03-01', '2026-03-05', NOW()),
  ('r_26', 't_active', 'R2', 'Race 2 - Class 3', '2026-03-12', '14:00', 'Track 3', '1400m', 'Turf', 'Class 3', 115, 135, 'completed', '2026-03-01', '2026-03-05', NOW()),
  ('r_27', 't_active', 'R3', 'Race 3 - Open', CURRENT_DATE + 5, '14:00', 'Track 1', '1600m', 'Turf', 'Open', 110, 135, 'registration-open', NOW() - INTERVAL '1 day', NOW() + INTERVAL '3 days', NOW()),
  ('r_28', 't_active', 'R4', 'Race 4 - Open', CURRENT_DATE + 6, '14:00', 'Track 2', '1800m', 'Turf', 'Open', 110, 135, 'registration-open', NOW() - INTERVAL '1 day', NOW() + INTERVAL '4 days', NOW()),
  ('r_29', 't_upcoming', 'R1', 'Race 1 - Class 4', CURRENT_DATE + 30, '14:00', 'Track 2', '1200m', 'Turf', 'Class 4', 115, 135, 'draft', NOW() + INTERVAL '20 days', NOW() + INTERVAL '25 days', NOW()),
  ('r_30', 't_upcoming', 'R2', 'Race 2 - Class 3', CURRENT_DATE + 31, '14:00', 'Track 3', '1400m', 'Turf', 'Class 3', 115, 135, 'draft', NOW() + INTERVAL '20 days', NOW() + INTERVAL '25 days', NOW());

UPDATE "races"
SET
  "handicapMin" = CASE "raceClass"
    WHEN 'Class 1' THEN 115
    WHEN 'Class 2' THEN 115
    WHEN 'Class 3' THEN 113
    WHEN 'Class 4' THEN 112
    WHEN 'Class 5' THEN 110
    ELSE 110
  END,
  "handicapMax" = CASE "raceClass"
    WHEN 'Class 1' THEN 135
    WHEN 'Class 2' THEN 135
    WHEN 'Class 3' THEN 133
    WHEN 'Class 4' THEN 132
    WHEN 'Class 5' THEN 130
    ELSE 135
  END;

INSERT INTO "raceEntries" ("id", "raceId", "horseId", "jockeyUserId", "status", "lane", "handicap", "ratingSnapshot", "ratingChange", "postRaceRating", "resultStatus", "position", "finishTime", "createdAt") VALUES
  ('re_1', 'r_1', 'h_033', 'u_jockey_15', 'approved', 1, 115, 72, 5, 77, 'official', 1, '02:06.00', '2024-11-11 15:00:00'),
  ('re_2', 'r_1', 'h_009', 'u_jockey_29', 'approved', 2, 116, 48, 2, 50, 'official', 2, '02:07.00', '2024-11-11 15:00:00'),
  ('re_3', 'r_1', 'h_001', 'u_jockey_1', 'approved', 3, 117, 40, -1, 39, 'official', 3, '02:08.00', '2024-11-11 15:00:00'),
  ('re_4', 'r_1', 'h_028', 'u_jockey_30', 'approved', 4, 118, 67, -2, 65, 'official', 4, '02:09.00', '2024-11-11 15:00:00'),
  ('re_5', 'r_1', 'h_055', 'u_jockey_24', 'approved', 5, 119, 54, -2, 52, 'official', 5, '02:10.00', '2024-11-11 15:00:00'),
  ('re_6', 'r_1', 'h_008', 'u_jockey_21', 'approved', 6, 120, 47, -2, 45, 'official', 6, '02:11.00', '2024-11-11 15:00:00'),
  ('re_7', 'r_1', 'h_051', 'u_jockey_20', 'approved', 7, 121, 50, -2, 48, 'official', 7, '02:12.00', '2024-11-11 15:00:00'),
  ('re_8', 'r_1', 'h_047', 'u_jockey_27', 'approved', 8, 122, 46, -2, 44, 'official', 8, '02:13.00', '2024-11-11 15:00:00'),
  ('re_9', 'r_1', 'h_036', 'u_jockey_2', 'approved', 9, 123, 75, -2, 73, 'official', 9, '02:14.00', '2024-11-11 15:00:00'),
  ('re_10', 'r_1', 'h_030', 'u_jockey_6', 'approved', 10, 124, 69, -2, 67, 'official', 10, '02:15.00', '2024-11-11 15:00:00'),
  ('re_13', 'r_2', 'h_034', 'u_jockey_11', 'approved', 1, 115, 73, 5, 78, 'official', 1, '02:06.00', '2024-11-12 15:00:00'),
  ('re_14', 'r_2', 'h_006', 'u_jockey_24', 'approved', 2, 116, 45, 2, 47, 'official', 2, '02:07.00', '2024-11-12 15:00:00'),
  ('re_15', 'r_2', 'h_005', 'u_jockey_3', 'approved', 3, 117, 44, -1, 43, 'official', 3, '02:08.00', '2024-11-12 15:00:00'),
  ('re_16', 'r_2', 'h_004', 'u_jockey_14', 'approved', 4, 118, 41, -2, 39, 'official', 4, '02:09.00', '2024-11-12 15:00:00'),
  ('re_17', 'r_2', 'h_003', 'u_jockey_2', 'approved', 5, 119, 42, -2, 40, 'official', 5, '02:10.00', '2024-11-12 15:00:00'),
  ('re_18', 'r_2', 'h_047', 'u_jockey_6', 'approved', 6, 120, 44, -2, 42, 'official', 6, '02:11.00', '2024-11-12 15:00:00'),
  ('re_19', 'r_2', 'h_027', 'u_jockey_10', 'approved', 7, 121, 66, -2, 64, 'official', 7, '02:12.00', '2024-11-12 15:00:00'),
  ('re_20', 'r_2', 'h_037', 'u_jockey_18', 'approved', 8, 122, 76, -2, 74, 'official', 8, '02:13.00', '2024-11-12 15:00:00'),
  ('re_21', 'r_2', 'h_039', 'u_jockey_15', 'approved', 9, 123, 78, -2, 76, 'official', 9, '02:14.00', '2024-11-12 15:00:00'),
  ('re_22', 'r_2', 'h_044', 'u_jockey_8', 'approved', 10, 124, 43, -2, 41, 'official', 10, '02:15.00', '2024-11-12 15:00:00'),
  ('re_25', 'r_3', 'h_032', 'u_jockey_29', 'approved', 1, 115, 71, 5, 76, 'official', 1, '02:06.00', '2024-11-13 15:00:00'),
  ('re_26', 'r_3', 'h_001', 'u_jockey_26', 'approved', 2, 116, 39, 2, 41, 'official', 2, '02:07.00', '2024-11-13 15:00:00'),
  ('re_27', 'r_3', 'h_050', 'u_jockey_28', 'approved', 3, 117, 49, -1, 48, 'official', 3, '02:08.00', '2024-11-13 15:00:00'),
  ('re_28', 'r_3', 'h_043', 'u_jockey_14', 'approved', 4, 118, 42, -2, 40, 'official', 4, '02:09.00', '2024-11-13 15:00:00'),
  ('re_29', 'r_3', 'h_018', 'u_jockey_3', 'approved', 5, 119, 55, -2, 53, 'official', 5, '02:10.00', '2024-11-13 15:00:00'),
  ('re_30', 'r_3', 'h_044', 'u_jockey_21', 'approved', 6, 120, 41, -2, 39, 'official', 6, '02:11.00', '2024-11-13 15:00:00'),
  ('re_31', 'r_3', 'h_052', 'u_jockey_2', 'approved', 7, 121, 51, -2, 49, 'official', 7, '02:12.00', '2024-11-13 15:00:00'),
  ('re_32', 'r_3', 'h_053', 'u_jockey_11', 'approved', 8, 122, 52, -2, 50, 'official', 8, '02:13.00', '2024-11-13 15:00:00'),
  ('re_33', 'r_3', 'h_029', 'u_jockey_27', 'approved', 9, 123, 68, -2, 66, 'official', 9, '02:14.00', '2024-11-13 15:00:00'),
  ('re_34', 'r_3', 'h_002', 'u_jockey_8', 'approved', 10, 124, 41, -2, 39, 'official', 10, '02:15.00', '2024-11-13 15:00:00'),
  ('re_37', 'r_4', 'h_020', 'u_jockey_8', 'approved', 1, 115, 59, 5, 64, 'official', 1, '02:06.00', '2024-11-14 15:00:00'),
  ('re_38', 'r_4', 'h_013', 'u_jockey_16', 'approved', 2, 116, 52, 2, 54, 'official', 2, '02:07.00', '2024-11-14 15:00:00'),
  ('re_39', 'r_4', 'h_048', 'u_jockey_24', 'approved', 3, 117, 47, -1, 46, 'official', 3, '02:08.00', '2024-11-14 15:00:00'),
  ('re_40', 'r_4', 'h_047', 'u_jockey_17', 'approved', 4, 118, 42, -2, 40, 'official', 4, '02:09.00', '2024-11-14 15:00:00'),
  ('re_41', 'r_4', 'h_023', 'u_jockey_29', 'approved', 5, 119, 62, -2, 60, 'official', 5, '02:10.00', '2024-11-14 15:00:00'),
  ('re_42', 'r_4', 'h_032', 'u_jockey_2', 'approved', 6, 120, 76, -2, 74, 'official', 6, '02:11.00', '2024-11-14 15:00:00'),
  ('re_43', 'r_4', 'h_059', 'u_jockey_13', 'approved', 7, 121, 58, -2, 56, 'official', 7, '02:12.00', '2024-11-14 15:00:00'),
  ('re_44', 'r_4', 'h_058', 'u_jockey_28', 'approved', 8, 122, 57, -2, 55, 'official', 8, '02:13.00', '2024-11-14 15:00:00'),
  ('re_45', 'r_4', 'h_049', 'u_jockey_5', 'approved', 9, 123, 44, -2, 42, 'official', 9, '02:14.00', '2024-11-14 15:00:00'),
  ('re_46', 'r_4', 'h_044', 'u_jockey_4', 'approved', 10, 124, 39, -2, 37, 'official', 10, '02:15.00', '2024-11-14 15:00:00'),
  ('re_49', 'r_5', 'h_034', 'u_jockey_13', 'approved', 1, 115, 78, 5, 83, 'official', 1, '02:06.00', '2024-11-15 15:00:00'),
  ('re_50', 'r_5', 'h_013', 'u_jockey_16', 'approved', 2, 116, 54, 2, 56, 'official', 2, '02:07.00', '2024-11-15 15:00:00'),
  ('re_51', 'r_5', 'h_026', 'u_jockey_24', 'approved', 3, 117, 65, -1, 64, 'official', 3, '02:08.00', '2024-11-15 15:00:00'),
  ('re_52', 'r_5', 'h_030', 'u_jockey_15', 'approved', 4, 118, 67, -2, 65, 'official', 4, '02:09.00', '2024-11-15 15:00:00'),
  ('re_53', 'r_5', 'h_056', 'u_jockey_9', 'approved', 5, 119, 55, -2, 53, 'official', 5, '02:10.00', '2024-11-15 15:00:00'),
  ('re_54', 'r_5', 'h_041', 'u_jockey_17', 'approved', 6, 120, 40, -2, 38, 'official', 6, '02:11.00', '2024-11-15 15:00:00'),
  ('re_55', 'r_5', 'h_008', 'u_jockey_26', 'approved', 7, 121, 45, -2, 43, 'official', 7, '02:12.00', '2024-11-15 15:00:00'),
  ('re_56', 'r_5', 'h_024', 'u_jockey_22', 'approved', 8, 122, 63, -2, 61, 'official', 8, '02:13.00', '2024-11-15 15:00:00'),
  ('re_57', 'r_5', 'h_057', 'u_jockey_18', 'approved', 9, 123, 56, -2, 54, 'official', 9, '02:14.00', '2024-11-15 15:00:00'),
  ('re_58', 'r_5', 'h_011', 'u_jockey_1', 'approved', 10, 124, 50, -2, 48, 'official', 10, '02:15.00', '2024-11-15 15:00:00'),
  ('re_61', 'r_6', 'h_044', 'u_jockey_28', 'approved', 1, 115, 37, 5, 42, 'official', 1, '02:06.00', '2024-11-16 15:00:00'),
  ('re_62', 'r_6', 'h_027', 'u_jockey_4', 'approved', 2, 116, 64, 2, 66, 'official', 2, '02:07.00', '2024-11-16 15:00:00'),
  ('re_63', 'r_6', 'h_008', 'u_jockey_22', 'approved', 3, 117, 43, -1, 42, 'official', 3, '02:08.00', '2024-11-16 15:00:00'),
  ('re_64', 'r_6', 'h_052', 'u_jockey_9', 'approved', 4, 118, 49, -2, 47, 'official', 4, '02:09.00', '2024-11-16 15:00:00'),
  ('re_65', 'r_6', 'h_001', 'u_jockey_18', 'approved', 5, 119, 41, -2, 39, 'official', 5, '02:10.00', '2024-11-16 15:00:00'),
  ('re_66', 'r_6', 'h_016', 'u_jockey_20', 'approved', 6, 120, 55, -2, 53, 'official', 6, '02:11.00', '2024-11-16 15:00:00'),
  ('re_67', 'r_6', 'h_012', 'u_jockey_3', 'approved', 7, 121, 51, -2, 49, 'official', 7, '02:12.00', '2024-11-16 15:00:00'),
  ('re_68', 'r_6', 'h_057', 'u_jockey_6', 'approved', 8, 122, 54, -2, 52, 'official', 8, '02:13.00', '2024-11-16 15:00:00'),
  ('re_69', 'r_6', 'h_011', 'u_jockey_23', 'approved', 9, 123, 48, -2, 46, 'official', 9, '02:14.00', '2024-11-16 15:00:00'),
  ('re_70', 'r_6', 'h_048', 'u_jockey_7', 'approved', 10, 124, 46, -2, 44, 'official', 10, '02:15.00', '2024-11-16 15:00:00'),
  ('re_73', 'r_7', 'h_032', 'u_jockey_6', 'approved', 1, 115, 74, 5, 79, 'official', 1, '02:06.00', '2024-11-17 15:00:00'),
  ('re_74', 'r_7', 'h_010', 'u_jockey_21', 'approved', 2, 116, 49, 2, 51, 'official', 2, '02:07.00', '2024-11-17 15:00:00'),
  ('re_75', 'r_7', 'h_051', 'u_jockey_3', 'approved', 3, 117, 48, -1, 47, 'official', 3, '02:08.00', '2024-11-17 15:00:00'),
  ('re_76', 'r_7', 'h_018', 'u_jockey_1', 'approved', 4, 118, 53, -2, 51, 'official', 4, '02:09.00', '2024-11-17 15:00:00'),
  ('re_77', 'r_7', 'h_047', 'u_jockey_29', 'approved', 5, 119, 40, -2, 38, 'official', 5, '02:10.00', '2024-11-17 15:00:00'),
  ('re_78', 'r_7', 'h_029', 'u_jockey_24', 'approved', 6, 120, 66, -2, 64, 'official', 6, '02:11.00', '2024-11-17 15:00:00'),
  ('re_79', 'r_7', 'h_024', 'u_jockey_30', 'approved', 7, 121, 61, -2, 59, 'official', 7, '02:12.00', '2024-11-17 15:00:00'),
  ('re_80', 'r_7', 'h_042', 'u_jockey_17', 'approved', 8, 122, 41, -2, 39, 'official', 8, '02:13.00', '2024-11-17 15:00:00'),
  ('re_81', 'r_7', 'h_001', 'u_jockey_22', 'approved', 9, 123, 39, -2, 37, 'official', 9, '02:14.00', '2024-11-17 15:00:00'),
  ('re_82', 'r_7', 'h_014', 'u_jockey_28', 'approved', 10, 124, 53, -2, 51, 'official', 10, '02:15.00', '2024-11-17 15:00:00'),
  ('re_85', 'r_8', 'h_041', 'u_jockey_1', 'approved', 1, 115, 38, 5, 43, 'official', 1, '02:06.00', '2024-11-18 15:00:00'),
  ('re_86', 'r_8', 'h_001', 'u_jockey_22', 'approved', 2, 116, 37, 2, 39, 'official', 2, '02:07.00', '2024-11-18 15:00:00'),
  ('re_87', 'r_8', 'h_032', 'u_jockey_29', 'approved', 3, 117, 79, -1, 78, 'official', 3, '02:08.00', '2024-11-18 15:00:00'),
  ('re_88', 'r_8', 'h_034', 'u_jockey_13', 'approved', 4, 118, 81, -2, 79, 'official', 4, '02:09.00', '2024-11-18 15:00:00'),
  ('re_89', 'r_8', 'h_023', 'u_jockey_26', 'approved', 5, 119, 60, -2, 58, 'official', 5, '02:10.00', '2024-11-18 15:00:00'),
  ('re_90', 'r_8', 'h_035', 'u_jockey_23', 'approved', 6, 120, 74, -2, 72, 'official', 6, '02:11.00', '2024-11-18 15:00:00'),
  ('re_91', 'r_8', 'h_007', 'u_jockey_2', 'approved', 7, 121, 44, -2, 42, 'official', 7, '02:12.00', '2024-11-18 15:00:00'),
  ('re_92', 'r_8', 'h_058', 'u_jockey_6', 'approved', 8, 122, 55, -2, 53, 'official', 8, '02:13.00', '2024-11-18 15:00:00'),
  ('re_93', 'r_8', 'h_012', 'u_jockey_15', 'approved', 9, 123, 49, -2, 47, 'official', 9, '02:14.00', '2024-11-18 15:00:00'),
  ('re_94', 'r_8', 'h_047', 'u_jockey_4', 'approved', 10, 124, 38, -2, 36, 'official', 10, '02:15.00', '2024-11-18 15:00:00'),
  ('re_97', 'r_9', 'h_027', 'u_jockey_21', 'approved', 1, 115, 66, 5, 71, 'official', 1, '02:06.00', '2025-03-11 15:00:00'),
  ('re_98', 'r_9', 'h_006', 'u_jockey_6', 'approved', 2, 116, 47, 2, 49, 'official', 2, '02:07.00', '2025-03-11 15:00:00'),
  ('re_99', 'r_9', 'h_040', 'u_jockey_14', 'approved', 3, 117, 77, -1, 76, 'official', 3, '02:08.00', '2025-03-11 15:00:00'),
  ('re_100', 'r_9', 'h_023', 'u_jockey_19', 'approved', 4, 118, 58, -2, 56, 'official', 4, '02:09.00', '2025-03-11 15:00:00'),
  ('re_101', 'r_9', 'h_014', 'u_jockey_23', 'approved', 5, 119, 51, -2, 49, 'official', 5, '02:10.00', '2025-03-11 15:00:00'),
  ('re_102', 'r_9', 'h_004', 'u_jockey_16', 'approved', 6, 120, 37, -2, 35, 'official', 6, '02:11.00', '2025-03-11 15:00:00'),
  ('re_103', 'r_9', 'h_002', 'u_jockey_18', 'approved', 7, 121, 39, -2, 37, 'official', 7, '02:12.00', '2025-03-11 15:00:00'),
  ('re_104', 'r_9', 'h_049', 'u_jockey_3', 'approved', 8, 122, 42, -2, 40, 'official', 8, '02:13.00', '2025-03-11 15:00:00'),
  ('re_105', 'r_9', 'h_019', 'u_jockey_1', 'approved', 9, 123, 58, -2, 56, 'official', 9, '02:14.00', '2025-03-11 15:00:00'),
  ('re_106', 'r_9', 'h_009', 'u_jockey_12', 'approved', 10, 124, 50, -2, 48, 'official', 10, '02:15.00', '2025-03-11 15:00:00'),
  ('re_109', 'r_10', 'h_028', 'u_jockey_5', 'approved', 1, 115, 65, 5, 70, 'official', 1, '02:06.00', '2025-03-12 15:00:00'),
  ('re_110', 'r_10', 'h_036', 'u_jockey_16', 'approved', 2, 116, 73, 2, 75, 'official', 2, '02:07.00', '2025-03-12 15:00:00'),
  ('re_111', 'r_10', 'h_037', 'u_jockey_7', 'approved', 3, 117, 74, -1, 73, 'official', 3, '02:08.00', '2025-03-12 15:00:00'),
  ('re_112', 'r_10', 'h_010', 'u_jockey_2', 'approved', 4, 118, 51, -2, 49, 'official', 4, '02:09.00', '2025-03-12 15:00:00'),
  ('re_113', 'r_10', 'h_039', 'u_jockey_9', 'approved', 5, 119, 72, -2, 70, 'official', 5, '02:10.00', '2025-03-12 15:00:00'),
  ('re_114', 'r_10', 'h_032', 'u_jockey_1', 'approved', 6, 120, 78, -2, 76, 'official', 6, '02:11.00', '2025-03-12 15:00:00'),
  ('re_115', 'r_10', 'h_057', 'u_jockey_6', 'approved', 7, 121, 52, -2, 50, 'official', 7, '02:12.00', '2025-03-12 15:00:00'),
  ('re_116', 'r_10', 'h_052', 'u_jockey_3', 'approved', 8, 122, 47, -2, 45, 'official', 8, '02:13.00', '2025-03-12 15:00:00'),
  ('re_117', 'r_10', 'h_051', 'u_jockey_8', 'approved', 9, 123, 47, -2, 45, 'official', 9, '02:14.00', '2025-03-12 15:00:00'),
  ('re_118', 'r_10', 'h_005', 'u_jockey_19', 'approved', 10, 124, 41, -2, 39, 'official', 10, '02:15.00', '2025-03-12 15:00:00'),
  ('re_121', 'r_11', 'h_032', 'u_jockey_4', 'approved', 1, 115, 76, 5, 81, 'official', 1, '02:06.00', '2025-03-13 15:00:00'),
  ('re_122', 'r_11', 'h_003', 'u_jockey_8', 'approved', 2, 116, 40, 2, 42, 'official', 2, '02:07.00', '2025-03-13 15:00:00'),
  ('re_123', 'r_11', 'h_052', 'u_jockey_18', 'approved', 3, 117, 45, -1, 44, 'official', 3, '02:08.00', '2025-03-13 15:00:00'),
  ('re_124', 'r_11', 'h_046', 'u_jockey_30', 'approved', 4, 118, 45, -2, 43, 'official', 4, '02:09.00', '2025-03-13 15:00:00'),
  ('re_125', 'r_11', 'h_041', 'u_jockey_7', 'approved', 5, 119, 43, -2, 41, 'official', 5, '02:10.00', '2025-03-13 15:00:00'),
  ('re_126', 'r_11', 'h_057', 'u_jockey_27', 'approved', 6, 120, 50, -2, 48, 'official', 6, '02:11.00', '2025-03-13 15:00:00'),
  ('re_127', 'r_11', 'h_019', 'u_jockey_20', 'approved', 7, 121, 56, -2, 54, 'official', 7, '02:12.00', '2025-03-13 15:00:00'),
  ('re_128', 'r_11', 'h_022', 'u_jockey_26', 'approved', 8, 122, 61, -2, 59, 'official', 8, '02:13.00', '2025-03-13 15:00:00'),
  ('re_129', 'r_11', 'h_027', 'u_jockey_21', 'approved', 9, 123, 71, -2, 69, 'official', 9, '02:14.00', '2025-03-13 15:00:00'),
  ('re_130', 'r_11', 'h_054', 'u_jockey_23', 'approved', 10, 124, 53, -2, 51, 'official', 10, '02:15.00', '2025-03-13 15:00:00'),
  ('re_133', 'r_12', 'h_016', 'u_jockey_13', 'approved', 1, 115, 53, 5, 58, 'official', 1, '02:06.00', '2025-03-14 15:00:00'),
  ('re_134', 'r_12', 'h_039', 'u_jockey_27', 'approved', 2, 116, 70, 2, 72, 'official', 2, '02:07.00', '2025-03-14 15:00:00'),
  ('re_135', 'r_12', 'h_005', 'u_jockey_7', 'approved', 3, 117, 39, -1, 38, 'official', 3, '02:08.00', '2025-03-14 15:00:00'),
  ('re_136', 'r_12', 'h_053', 'u_jockey_1', 'approved', 4, 118, 50, -2, 48, 'official', 4, '02:09.00', '2025-03-14 15:00:00'),
  ('re_137', 'r_12', 'h_034', 'u_jockey_2', 'approved', 5, 119, 79, -2, 77, 'official', 5, '02:10.00', '2025-03-14 15:00:00'),
  ('re_138', 'r_12', 'h_046', 'u_jockey_16', 'approved', 6, 120, 43, -2, 41, 'official', 6, '02:11.00', '2025-03-14 15:00:00'),
  ('re_139', 'r_12', 'h_049', 'u_jockey_19', 'approved', 7, 121, 40, -2, 38, 'official', 7, '02:12.00', '2025-03-14 15:00:00'),
  ('re_140', 'r_12', 'h_051', 'u_jockey_9', 'approved', 8, 122, 45, -2, 43, 'official', 8, '02:13.00', '2025-03-14 15:00:00'),
  ('re_141', 'r_12', 'h_044', 'u_jockey_21', 'approved', 9, 123, 42, -2, 40, 'official', 9, '02:14.00', '2025-03-14 15:00:00'),
  ('re_142', 'r_12', 'h_036', 'u_jockey_17', 'approved', 10, 124, 75, -2, 73, 'official', 10, '02:15.00', '2025-03-14 15:00:00'),
  ('re_145', 'r_13', 'h_056', 'u_jockey_12', 'approved', 1, 115, 53, 5, 58, 'official', 1, '02:06.00', '2025-03-15 15:00:00'),
  ('re_146', 'r_13', 'h_055', 'u_jockey_30', 'approved', 2, 116, 50, 2, 52, 'official', 2, '02:07.00', '2025-03-15 15:00:00'),
  ('re_147', 'r_13', 'h_013', 'u_jockey_4', 'approved', 3, 117, 56, -1, 55, 'official', 3, '02:08.00', '2025-03-15 15:00:00'),
  ('re_148', 'r_13', 'h_057', 'u_jockey_20', 'approved', 4, 118, 48, -2, 46, 'official', 4, '02:09.00', '2025-03-15 15:00:00'),
  ('re_149', 'r_13', 'h_039', 'u_jockey_3', 'approved', 5, 119, 72, -2, 70, 'official', 5, '02:10.00', '2025-03-15 15:00:00'),
  ('re_150', 'r_13', 'h_041', 'u_jockey_15', 'approved', 6, 120, 41, -2, 39, 'official', 6, '02:11.00', '2025-03-15 15:00:00'),
  ('re_151', 'r_13', 'h_036', 'u_jockey_8', 'approved', 7, 121, 73, -2, 71, 'official', 7, '02:12.00', '2025-03-15 15:00:00'),
  ('re_152', 'r_13', 'h_026', 'u_jockey_29', 'approved', 8, 122, 64, -2, 62, 'official', 8, '02:13.00', '2025-03-15 15:00:00'),
  ('re_153', 'r_13', 'h_005', 'u_jockey_14', 'approved', 9, 123, 38, -2, 36, 'official', 9, '02:14.00', '2025-03-15 15:00:00'),
  ('re_154', 'r_13', 'h_044', 'u_jockey_1', 'approved', 10, 124, 40, -2, 38, 'official', 10, '02:15.00', '2025-03-15 15:00:00'),
  ('re_157', 'r_14', 'h_028', 'u_jockey_10', 'approved', 1, 115, 70, 5, 75, 'official', 1, '02:06.00', '2025-03-16 15:00:00'),
  ('re_158', 'r_14', 'h_041', 'u_jockey_14', 'approved', 2, 116, 39, 2, 41, 'official', 2, '02:07.00', '2025-03-16 15:00:00'),
  ('re_159', 'r_14', 'h_017', 'u_jockey_21', 'approved', 3, 117, 56, -1, 55, 'official', 3, '02:08.00', '2025-03-16 15:00:00'),
  ('re_160', 'r_14', 'h_027', 'u_jockey_4', 'approved', 4, 118, 69, -2, 67, 'official', 4, '02:09.00', '2025-03-16 15:00:00'),
  ('re_161', 'r_14', 'h_036', 'u_jockey_26', 'approved', 5, 119, 71, -2, 69, 'official', 5, '02:10.00', '2025-03-16 15:00:00'),
  ('re_162', 'r_14', 'h_011', 'u_jockey_13', 'approved', 6, 120, 46, -2, 44, 'official', 6, '02:11.00', '2025-03-16 15:00:00'),
  ('re_163', 'r_14', 'h_024', 'u_jockey_27', 'approved', 7, 121, 59, -2, 57, 'official', 7, '02:12.00', '2025-03-16 15:00:00'),
  ('re_164', 'r_14', 'h_014', 'u_jockey_23', 'approved', 8, 122, 49, -2, 47, 'official', 8, '02:13.00', '2025-03-16 15:00:00'),
  ('re_165', 'r_14', 'h_052', 'u_jockey_1', 'approved', 9, 123, 44, -2, 42, 'official', 9, '02:14.00', '2025-03-16 15:00:00'),
  ('re_166', 'r_14', 'h_004', 'u_jockey_6', 'approved', 10, 124, 33, -2, 31, 'official', 10, '02:15.00', '2025-03-16 15:00:00'),
  ('re_169', 'r_15', 'h_029', 'u_jockey_4', 'approved', 1, 115, 64, 5, 69, 'official', 1, '02:06.00', '2025-03-17 15:00:00'),
  ('re_170', 'r_15', 'h_001', 'u_jockey_7', 'approved', 2, 116, 35, 2, 37, 'official', 2, '02:07.00', '2025-03-17 15:00:00'),
  ('re_171', 'r_15', 'h_003', 'u_jockey_15', 'approved', 3, 117, 42, -1, 41, 'official', 3, '02:08.00', '2025-03-17 15:00:00'),
  ('re_172', 'r_15', 'h_023', 'u_jockey_18', 'approved', 4, 118, 54, -2, 52, 'official', 4, '02:09.00', '2025-03-17 15:00:00'),
  ('re_173', 'r_15', 'h_047', 'u_jockey_3', 'approved', 5, 119, 36, -2, 34, 'official', 5, '02:10.00', '2025-03-17 15:00:00'),
  ('re_174', 'r_15', 'h_016', 'u_jockey_11', 'approved', 6, 120, 58, -2, 56, 'official', 6, '02:11.00', '2025-03-17 15:00:00'),
  ('re_175', 'r_15', 'h_039', 'u_jockey_28', 'approved', 7, 121, 70, -2, 68, 'official', 7, '02:12.00', '2025-03-17 15:00:00'),
  ('re_176', 'r_15', 'h_050', 'u_jockey_27', 'approved', 8, 122, 48, -2, 46, 'official', 8, '02:13.00', '2025-03-17 15:00:00'),
  ('re_177', 'r_15', 'h_033', 'u_jockey_17', 'approved', 9, 123, 77, -2, 75, 'official', 9, '02:14.00', '2025-03-17 15:00:00'),
  ('re_178', 'r_15', 'h_011', 'u_jockey_16', 'approved', 10, 124, 44, -2, 42, 'official', 10, '02:15.00', '2025-03-17 15:00:00'),
  ('re_181', 'r_16', 'h_005', 'u_jockey_19', 'approved', 1, 115, 36, 5, 41, 'official', 1, '02:06.00', '2025-03-18 15:00:00'),
  ('re_182', 'r_16', 'h_016', 'u_jockey_17', 'approved', 2, 116, 56, 2, 58, 'official', 2, '02:07.00', '2025-03-18 15:00:00'),
  ('re_183', 'r_16', 'h_039', 'u_jockey_4', 'approved', 3, 117, 68, -1, 67, 'official', 3, '02:08.00', '2025-03-18 15:00:00'),
  ('re_184', 'r_16', 'h_026', 'u_jockey_26', 'approved', 4, 118, 62, -2, 60, 'official', 4, '02:09.00', '2025-03-18 15:00:00'),
  ('re_185', 'r_16', 'h_008', 'u_jockey_14', 'approved', 5, 119, 40, -2, 38, 'official', 5, '02:10.00', '2025-03-18 15:00:00'),
  ('re_186', 'r_16', 'h_011', 'u_jockey_22', 'approved', 6, 120, 42, -2, 40, 'official', 6, '02:11.00', '2025-03-18 15:00:00'),
  ('re_187', 'r_16', 'h_014', 'u_jockey_13', 'approved', 7, 121, 47, -2, 45, 'official', 7, '02:12.00', '2025-03-18 15:00:00'),
  ('re_188', 'r_16', 'h_054', 'u_jockey_12', 'approved', 8, 122, 49, -2, 47, 'official', 8, '02:13.00', '2025-03-18 15:00:00'),
  ('re_189', 'r_16', 'h_048', 'u_jockey_15', 'approved', 9, 123, 44, -2, 42, 'official', 9, '02:14.00', '2025-03-18 15:00:00'),
  ('re_190', 'r_16', 'h_027', 'u_jockey_6', 'approved', 10, 124, 65, -2, 63, 'official', 10, '02:15.00', '2025-03-18 15:00:00'),
  ('re_193', 'r_17', 'h_055', 'u_jockey_8', 'approved', 1, 115, 52, 5, 57, 'official', 1, '02:06.00', '2025-09-11 15:00:00'),
  ('re_194', 'r_17', 'h_003', 'u_jockey_24', 'approved', 2, 116, 41, 2, 43, 'official', 2, '02:07.00', '2025-09-11 15:00:00'),
  ('re_195', 'r_17', 'h_058', 'u_jockey_4', 'approved', 3, 117, 53, -1, 52, 'official', 3, '02:08.00', '2025-09-11 15:00:00'),
  ('re_196', 'r_17', 'h_057', 'u_jockey_20', 'approved', 4, 118, 46, -2, 44, 'official', 4, '02:09.00', '2025-09-11 15:00:00'),
  ('re_197', 'r_17', 'h_027', 'u_jockey_18', 'approved', 5, 119, 63, -2, 61, 'official', 5, '02:10.00', '2025-09-11 15:00:00'),
  ('re_198', 'r_17', 'h_053', 'u_jockey_22', 'approved', 6, 120, 48, -2, 46, 'official', 6, '02:11.00', '2025-09-11 15:00:00'),
  ('re_199', 'r_17', 'h_017', 'u_jockey_17', 'approved', 7, 121, 55, -2, 53, 'official', 7, '02:12.00', '2025-09-11 15:00:00'),
  ('re_200', 'r_17', 'h_008', 'u_jockey_21', 'approved', 8, 122, 38, -2, 36, 'official', 8, '02:13.00', '2025-09-11 15:00:00'),
  ('re_201', 'r_17', 'h_012', 'u_jockey_30', 'approved', 9, 123, 47, -2, 45, 'official', 9, '02:14.00', '2025-09-11 15:00:00'),
  ('re_202', 'r_17', 'h_037', 'u_jockey_13', 'approved', 10, 124, 73, -2, 71, 'official', 10, '02:15.00', '2025-09-11 15:00:00'),
  ('re_205', 'r_18', 'h_030', 'u_jockey_26', 'approved', 1, 115, 63, 5, 68, 'official', 1, '02:06.00', '2025-09-12 15:00:00'),
  ('re_206', 'r_18', 'h_017', 'u_jockey_16', 'approved', 2, 116, 53, 2, 55, 'official', 2, '02:07.00', '2025-09-12 15:00:00'),
  ('re_207', 'r_18', 'h_057', 'u_jockey_19', 'approved', 3, 117, 44, -1, 43, 'official', 3, '02:08.00', '2025-09-12 15:00:00'),
  ('re_208', 'r_18', 'h_037', 'u_jockey_12', 'approved', 4, 118, 71, -2, 69, 'official', 4, '02:09.00', '2025-09-12 15:00:00'),
  ('re_209', 'r_18', 'h_004', 'u_jockey_8', 'approved', 5, 119, 31, -2, 29, 'official', 5, '02:10.00', '2025-09-12 15:00:00'),
  ('re_210', 'r_18', 'h_023', 'u_jockey_18', 'approved', 6, 120, 52, -2, 50, 'official', 6, '02:11.00', '2025-09-12 15:00:00'),
  ('re_211', 'r_18', 'h_038', 'u_jockey_9', 'approved', 7, 121, 75, -2, 73, 'official', 7, '02:12.00', '2025-09-12 15:00:00'),
  ('re_212', 'r_18', 'h_046', 'u_jockey_1', 'approved', 8, 122, 41, -2, 39, 'official', 8, '02:13.00', '2025-09-12 15:00:00'),
  ('re_213', 'r_18', 'h_053', 'u_jockey_10', 'approved', 9, 123, 46, -2, 44, 'official', 9, '02:14.00', '2025-09-12 15:00:00'),
  ('re_214', 'r_18', 'h_018', 'u_jockey_28', 'approved', 10, 124, 49, -2, 47, 'official', 10, '02:15.00', '2025-09-12 15:00:00'),
  ('re_217', 'r_19', 'h_026', 'u_jockey_26', 'approved', 1, 115, 60, 5, 65, 'official', 1, '02:06.00', '2025-09-13 15:00:00'),
  ('re_218', 'r_19', 'h_043', 'u_jockey_1', 'approved', 2, 116, 36, 2, 38, 'official', 2, '02:07.00', '2025-09-13 15:00:00'),
  ('re_219', 'r_19', 'h_027', 'u_jockey_3', 'approved', 3, 117, 61, -1, 60, 'official', 3, '02:08.00', '2025-09-13 15:00:00'),
  ('re_220', 'r_19', 'h_037', 'u_jockey_4', 'approved', 4, 118, 69, -2, 67, 'official', 4, '02:09.00', '2025-09-13 15:00:00'),
  ('re_221', 'r_19', 'h_029', 'u_jockey_19', 'approved', 5, 119, 67, -2, 65, 'official', 5, '02:10.00', '2025-09-13 15:00:00'),
  ('re_222', 'r_19', 'h_011', 'u_jockey_30', 'approved', 6, 120, 40, -2, 38, 'official', 6, '02:11.00', '2025-09-13 15:00:00'),
  ('re_223', 'r_19', 'h_015', 'u_jockey_25', 'approved', 7, 121, 52, -2, 50, 'official', 7, '02:12.00', '2025-09-13 15:00:00'),
  ('re_224', 'r_19', 'h_035', 'u_jockey_7', 'approved', 8, 122, 68, -2, 66, 'official', 8, '02:13.00', '2025-09-13 15:00:00'),
  ('re_225', 'r_19', 'h_020', 'u_jockey_5', 'approved', 9, 123, 64, -2, 62, 'official', 9, '02:14.00', '2025-09-13 15:00:00'),
  ('re_226', 'r_19', 'h_017', 'u_jockey_12', 'approved', 10, 124, 55, -2, 53, 'official', 10, '02:15.00', '2025-09-13 15:00:00'),
  ('re_229', 'r_20', 'h_012', 'u_jockey_4', 'approved', 1, 115, 45, 5, 50, 'official', 1, '02:06.00', '2025-09-14 15:00:00'),
  ('re_230', 'r_20', 'h_001', 'u_jockey_3', 'approved', 2, 116, 37, 2, 39, 'official', 2, '02:07.00', '2025-09-14 15:00:00'),
  ('re_231', 'r_20', 'h_014', 'u_jockey_29', 'approved', 3, 117, 45, -1, 44, 'official', 3, '02:08.00', '2025-09-14 15:00:00'),
  ('re_232', 'r_20', 'h_002', 'u_jockey_15', 'approved', 4, 118, 37, -2, 35, 'official', 4, '02:09.00', '2025-09-14 15:00:00'),
  ('re_233', 'r_20', 'h_059', 'u_jockey_6', 'approved', 5, 119, 56, -2, 54, 'official', 5, '02:10.00', '2025-09-14 15:00:00'),
  ('re_234', 'r_20', 'h_057', 'u_jockey_1', 'approved', 6, 120, 41, -2, 39, 'official', 6, '02:11.00', '2025-09-14 15:00:00'),
  ('re_235', 'r_20', 'h_004', 'u_jockey_26', 'approved', 7, 121, 29, -2, 27, 'official', 7, '02:12.00', '2025-09-14 15:00:00'),
  ('re_236', 'r_20', 'h_048', 'u_jockey_12', 'approved', 8, 122, 42, -2, 40, 'official', 8, '02:13.00', '2025-09-14 15:00:00'),
  ('re_237', 'r_20', 'h_053', 'u_jockey_2', 'approved', 9, 123, 44, -2, 42, 'official', 9, '02:14.00', '2025-09-14 15:00:00'),
  ('re_238', 'r_20', 'h_044', 'u_jockey_19', 'approved', 10, 124, 38, -2, 36, 'official', 10, '02:15.00', '2025-09-14 15:00:00'),
  ('re_241', 'r_21', 'h_044', 'u_jockey_4', 'approved', 1, 115, 36, 5, 41, 'official', 1, '02:06.00', '2025-09-15 15:00:00'),
  ('re_242', 'r_21', 'h_051', 'u_jockey_11', 'approved', 2, 116, 43, 2, 45, 'official', 2, '02:07.00', '2025-09-15 15:00:00'),
  ('re_243', 'r_21', 'h_043', 'u_jockey_27', 'approved', 3, 117, 36, -1, 35, 'official', 3, '02:08.00', '2025-09-15 15:00:00'),
  ('re_244', 'r_21', 'h_001', 'u_jockey_17', 'approved', 4, 118, 39, -2, 37, 'official', 4, '02:09.00', '2025-09-15 15:00:00'),
  ('re_245', 'r_21', 'h_032', 'u_jockey_1', 'approved', 5, 119, 81, -2, 79, 'official', 5, '02:10.00', '2025-09-15 15:00:00'),
  ('re_246', 'r_21', 'h_059', 'u_jockey_18', 'approved', 6, 120, 54, -2, 52, 'official', 6, '02:11.00', '2025-09-15 15:00:00'),
  ('re_247', 'r_21', 'h_033', 'u_jockey_13', 'approved', 7, 121, 73, -2, 71, 'official', 7, '02:12.00', '2025-09-15 15:00:00'),
  ('re_248', 'r_21', 'h_013', 'u_jockey_25', 'approved', 8, 122, 55, -2, 53, 'official', 8, '02:13.00', '2025-09-15 15:00:00'),
  ('re_249', 'r_21', 'h_020', 'u_jockey_3', 'approved', 9, 123, 62, -2, 60, 'official', 9, '02:14.00', '2025-09-15 15:00:00'),
  ('re_250', 'r_21', 'h_027', 'u_jockey_2', 'approved', 10, 124, 60, -2, 58, 'official', 10, '02:15.00', '2025-09-15 15:00:00'),
  ('re_253', 'r_22', 'h_002', 'u_jockey_11', 'approved', 1, 115, 35, 5, 40, 'official', 1, '02:06.00', '2025-09-16 15:00:00'),
  ('re_254', 'r_22', 'h_058', 'u_jockey_3', 'approved', 2, 116, 52, 2, 54, 'official', 2, '02:07.00', '2025-09-16 15:00:00'),
  ('re_255', 'r_22', 'h_053', 'u_jockey_17', 'approved', 3, 117, 42, -1, 41, 'official', 3, '02:08.00', '2025-09-16 15:00:00'),
  ('re_256', 'r_22', 'h_007', 'u_jockey_22', 'approved', 4, 118, 40, -2, 38, 'official', 4, '02:09.00', '2025-09-16 15:00:00'),
  ('re_257', 'r_22', 'h_045', 'u_jockey_26', 'approved', 5, 119, 40, -2, 38, 'official', 5, '02:10.00', '2025-09-16 15:00:00'),
  ('re_258', 'r_22', 'h_026', 'u_jockey_19', 'approved', 6, 120, 65, -2, 63, 'official', 6, '02:11.00', '2025-09-16 15:00:00'),
  ('re_259', 'r_22', 'h_009', 'u_jockey_18', 'approved', 7, 121, 48, -2, 46, 'official', 7, '02:12.00', '2025-09-16 15:00:00'),
  ('re_260', 'r_22', 'h_060', 'u_jockey_5', 'approved', 8, 122, 59, -2, 57, 'official', 8, '02:13.00', '2025-09-16 15:00:00'),
  ('re_261', 'r_22', 'h_047', 'u_jockey_28', 'approved', 9, 123, 34, -2, 32, 'official', 9, '02:14.00', '2025-09-16 15:00:00'),
  ('re_262', 'r_22', 'h_011', 'u_jockey_6', 'approved', 10, 124, 38, -2, 36, 'official', 10, '02:15.00', '2025-09-16 15:00:00'),
  ('re_265', 'r_23', 'h_048', 'u_jockey_14', 'approved', 1, 115, 40, 5, 45, 'official', 1, '02:06.00', '2025-09-17 15:00:00'),
  ('re_266', 'r_23', 'h_060', 'u_jockey_30', 'approved', 2, 116, 57, 2, 59, 'official', 2, '02:07.00', '2025-09-17 15:00:00'),
  ('re_267', 'r_23', 'h_007', 'u_jockey_4', 'approved', 3, 117, 38, -1, 37, 'official', 3, '02:08.00', '2025-09-17 15:00:00'),
  ('re_268', 'r_23', 'h_012', 'u_jockey_29', 'approved', 4, 118, 50, -2, 48, 'official', 4, '02:09.00', '2025-09-17 15:00:00'),
  ('re_269', 'r_23', 'h_026', 'u_jockey_24', 'approved', 5, 119, 63, -2, 61, 'official', 5, '02:10.00', '2025-09-17 15:00:00'),
  ('re_270', 'r_23', 'h_016', 'u_jockey_27', 'approved', 6, 120, 58, -2, 56, 'official', 6, '02:11.00', '2025-09-17 15:00:00'),
  ('re_271', 'r_23', 'h_033', 'u_jockey_20', 'approved', 7, 121, 71, -2, 69, 'official', 7, '02:12.00', '2025-09-17 15:00:00'),
  ('re_272', 'r_23', 'h_058', 'u_jockey_23', 'approved', 8, 122, 54, -2, 52, 'official', 8, '02:13.00', '2025-09-17 15:00:00'),
  ('re_273', 'r_23', 'h_043', 'u_jockey_12', 'approved', 9, 123, 35, -2, 33, 'official', 9, '02:14.00', '2025-09-17 15:00:00'),
  ('re_274', 'r_23', 'h_059', 'u_jockey_26', 'approved', 10, 124, 52, -2, 50, 'official', 10, '02:15.00', '2025-09-17 15:00:00'),
  ('re_277', 'r_24', 'h_023', 'u_jockey_16', 'approved', 1, 115, 50, 5, 55, 'official', 1, '02:06.00', '2025-09-18 15:00:00'),
  ('re_278', 'r_24', 'h_050', 'u_jockey_3', 'approved', 2, 116, 44, 2, 46, 'official', 2, '02:07.00', '2025-09-18 15:00:00'),
  ('re_279', 'r_24', 'h_006', 'u_jockey_8', 'approved', 3, 117, 47, -1, 46, 'official', 3, '02:08.00', '2025-09-18 15:00:00'),
  ('re_280', 'r_24', 'h_030', 'u_jockey_21', 'approved', 4, 118, 68, -2, 66, 'official', 4, '02:09.00', '2025-09-18 15:00:00'),
  ('re_281', 'r_24', 'h_043', 'u_jockey_17', 'approved', 5, 119, 33, -2, 31, 'official', 5, '02:10.00', '2025-09-18 15:00:00'),
  ('re_282', 'r_24', 'h_051', 'u_jockey_9', 'approved', 6, 120, 45, -2, 43, 'official', 6, '02:11.00', '2025-09-18 15:00:00'),
  ('re_283', 'r_24', 'h_004', 'u_jockey_13', 'approved', 7, 121, 27, -2, 25, 'official', 7, '02:12.00', '2025-09-18 15:00:00'),
  ('re_284', 'r_24', 'h_001', 'u_jockey_15', 'approved', 8, 122, 37, -2, 35, 'official', 8, '02:13.00', '2025-09-18 15:00:00'),
  ('re_285', 'r_24', 'h_005', 'u_jockey_23', 'approved', 9, 123, 39, -2, 37, 'official', 9, '02:14.00', '2025-09-18 15:00:00'),
  ('re_286', 'r_24', 'h_044', 'u_jockey_2', 'approved', 10, 124, 41, -2, 39, 'official', 10, '02:15.00', '2025-09-18 15:00:00'),
  ('re_289', 'r_25', 'h_009', 'u_jockey_14', 'approved', 1, 115, 46, 5, 51, 'official', 1, '02:06.00', '2026-03-11 15:00:00'),
  ('re_290', 'r_25', 'h_040', 'u_jockey_1', 'approved', 2, 116, 76, 2, 78, 'official', 2, '02:07.00', '2026-03-11 15:00:00'),
  ('re_291', 'r_25', 'h_022', 'u_jockey_8', 'approved', 3, 117, 59, -1, 58, 'official', 3, '02:08.00', '2026-03-11 15:00:00'),
  ('re_292', 'r_25', 'h_024', 'u_jockey_17', 'approved', 4, 118, 57, -2, 55, 'official', 4, '02:09.00', '2026-03-11 15:00:00'),
  ('re_293', 'r_25', 'h_017', 'u_jockey_3', 'approved', 5, 119, 53, -2, 51, 'official', 5, '02:10.00', '2026-03-11 15:00:00'),
  ('re_294', 'r_25', 'h_042', 'u_jockey_2', 'approved', 6, 120, 37, -2, 35, 'official', 6, '02:11.00', '2026-03-11 15:00:00'),
  ('re_295', 'r_25', 'h_041', 'u_jockey_25', 'approved', 7, 121, 37, -2, 35, 'official', 7, '02:12.00', '2026-03-11 15:00:00'),
  ('re_296', 'r_25', 'h_054', 'u_jockey_23', 'approved', 8, 122, 47, -2, 45, 'official', 8, '02:13.00', '2026-03-11 15:00:00'),
  ('re_297', 'r_25', 'h_035', 'u_jockey_30', 'approved', 9, 123, 66, -2, 64, 'official', 9, '02:14.00', '2026-03-11 15:00:00'),
  ('re_298', 'r_25', 'h_014', 'u_jockey_9', 'approved', 10, 124, 44, -2, 42, 'official', 10, '02:15.00', '2026-03-11 15:00:00'),
  ('re_301', 'r_26', 'h_024', 'u_jockey_26', 'approved', 1, 115, 55, 5, 60, 'official', 1, '02:06.00', '2026-03-12 15:00:00'),
  ('re_302', 'r_26', 'h_004', 'u_jockey_4', 'approved', 2, 116, 25, 2, 27, 'official', 2, '02:07.00', '2026-03-12 15:00:00'),
  ('re_303', 'r_26', 'h_047', 'u_jockey_10', 'approved', 3, 117, 32, -1, 31, 'official', 3, '02:08.00', '2026-03-12 15:00:00'),
  ('re_304', 'r_26', 'h_044', 'u_jockey_3', 'approved', 4, 118, 39, -2, 37, 'official', 4, '02:09.00', '2026-03-12 15:00:00'),
  ('re_305', 'r_26', 'h_049', 'u_jockey_27', 'approved', 5, 119, 38, -2, 36, 'official', 5, '02:10.00', '2026-03-12 15:00:00'),
  ('re_306', 'r_26', 'h_030', 'u_jockey_19', 'approved', 6, 120, 66, -2, 64, 'official', 6, '02:11.00', '2026-03-12 15:00:00'),
  ('re_307', 'r_26', 'h_005', 'u_jockey_14', 'approved', 7, 121, 37, -2, 35, 'official', 7, '02:12.00', '2026-03-12 15:00:00'),
  ('re_308', 'r_26', 'h_009', 'u_jockey_2', 'approved', 8, 122, 51, -2, 49, 'official', 8, '02:13.00', '2026-03-12 15:00:00'),
  ('re_309', 'r_26', 'h_035', 'u_jockey_7', 'approved', 9, 123, 64, -2, 62, 'official', 9, '02:14.00', '2026-03-12 15:00:00'),
  ('re_310', 'r_26', 'h_048', 'u_jockey_24', 'approved', 10, 124, 45, -2, 43, 'official', 10, '02:15.00', '2026-03-12 15:00:00'),
  ('re_313', 'r_27', 'h_007', 'u_jockey_27', 'approved', 1, 115, 37, 0, 0, 'draft', NULL, NULL, NOW()),
  ('re_314', 'r_27', 'h_036', 'u_jockey_21', 'approved', 2, 116, 69, 0, 0, 'draft', NULL, NULL, NOW()),
  ('re_315', 'r_27', 'h_018', 'u_jockey_4', 'approved', 3, 117, 45, 0, 0, 'draft', NULL, NULL, NOW()),
  ('re_316', 'r_27', 'h_044', 'u_jockey_20', 'approved', 4, 118, 37, 0, 0, 'draft', NULL, NULL, NOW()),
  ('re_317', 'r_27', 'h_003', 'u_jockey_16', 'approved', 5, 119, 41, 0, 0, 'draft', NULL, NULL, NOW()),
  ('re_318', 'r_27', 'h_001', 'u_jockey_10', 'approved', 6, 120, 35, 0, 0, 'draft', NULL, NULL, NOW()),
  ('re_319', 'r_27', 'h_055', 'u_jockey_28', 'approved', 7, 121, 57, 0, 0, 'draft', NULL, NULL, NOW()),
  ('re_320', 'r_27', 'h_058', 'u_jockey_17', 'approved', 8, 122, 52, 0, 0, 'draft', NULL, NULL, NOW()),
  ('re_321', 'r_27', 'h_027', 'u_jockey_29', 'approved', 9, 123, 56, 0, 0, 'draft', NULL, NULL, NOW()),
  ('re_322', 'r_27', 'h_006', 'u_jockey_25', 'approved', 10, 124, 46, 0, 0, 'draft', NULL, NULL, NOW()),
  ('re_325', 'r_28', 'h_047', 'u_jockey_8', 'approved', 1, 115, 31, 0, 0, 'draft', NULL, NULL, NOW()),
  ('re_326', 'r_28', 'h_005', 'u_jockey_1', 'approved', 2, 116, 35, 0, 0, 'draft', NULL, NULL, NOW()),
  ('re_327', 'r_28', 'h_013', 'u_jockey_27', 'approved', 3, 117, 51, 0, 0, 'draft', NULL, NULL, NOW()),
  ('re_328', 'r_28', 'h_004', 'u_jockey_2', 'approved', 4, 118, 27, 0, 0, 'draft', NULL, NULL, NOW()),
  ('re_329', 'r_28', 'h_029', 'u_jockey_26', 'approved', 5, 119, 65, 0, 0, 'draft', NULL, NULL, NOW()),
  ('re_330', 'r_28', 'h_010', 'u_jockey_16', 'approved', 6, 120, 49, 0, 0, 'draft', NULL, NULL, NOW()),
  ('re_331', 'r_28', 'h_006', 'u_jockey_14', 'approved', 7, 121, 46, 0, 0, 'draft', NULL, NULL, NOW()),
  ('re_332', 'r_28', 'h_008', 'u_jockey_9', 'approved', 8, 122, 36, 0, 0, 'draft', NULL, NULL, NOW()),
  ('re_333', 'r_28', 'h_007', 'u_jockey_3', 'approved', 9, 123, 37, 0, 0, 'draft', NULL, NULL, NOW()),
  ('re_334', 'r_28', 'h_049', 'u_jockey_10', 'approved', 10, 124, 36, 0, 0, 'draft', NULL, NULL, NOW());

WITH "fieldRatings" AS (
  SELECT "raceId", MAX("ratingSnapshot") AS "topRating"
  FROM "raceEntries"
  WHERE "ratingSnapshot" > 0
  GROUP BY "raceId"
)
UPDATE "raceEntries" AS "entry"
SET "handicap" = LEAST(
  "race"."handicapMax",
  GREATEST(
    "race"."handicapMin",
    ROUND("race"."handicapMax" - ("fieldRatings"."topRating" - "entry"."ratingSnapshot"))
  )
)
FROM "fieldRatings", "races" AS "race"
WHERE "entry"."raceId" = "fieldRatings"."raceId"
  AND "entry"."raceId" = "race"."id"
  AND "entry"."ratingSnapshot" > 0;

UPDATE "races" AS "race"
SET
  "participants" = "counts"."participants",
  "ownerConfirmed" = "counts"."participants",
  "jockeyConfirmed" = "counts"."participants"
FROM (
  SELECT "raceId", COUNT(*)::INTEGER AS "participants"
  FROM "raceEntries"
  WHERE "status" = 'approved'
  GROUP BY "raceId"
) AS "counts"
WHERE "race"."id" = "counts"."raceId";

COMMIT;
